model,xiaomi mi 8,mi 8
model,htc desire 12,htc desire 12,desire 12,desire 12+,htc desire 12+
model,iphone 4s
model,htc u11,htc u11+,htc u11 life,u11+,u11 life,u11
model,xiaomi mi max,mi max
model,xiaomi a2,a2
model,xiaomi redmi 6,redmi,redmi 6
model,xiaomi pocophone f1,pocophone,f1
model,iphone xs,xs
model,htc desire 10,desire 10,htc 10,htc desire 10 lifestyle,desire 10 lifestyle
model,nokia 3310,3310
model,iphone 5
model,iphone x
model,iphone 8,iphone 8+,iphone 8 plus
model,iphone 7,iphone 7+,iphone 7 plus
model,xiaomi mi mix,mi mix
model,iphone 6s,iphone 6s+,iphone 6 plus,iphone 6
model,iphone se
model,iphone 4
model,galaxy note 9,note 9
model,galaxy s9,s9
model,galaxy note 8,note 8
model,galaxy s8,s8
model,galaxy a8,a8
model,galaxy j3,j3
model,galaxy a5,a5
model,galaxy a6,a6
model,galaxy j6,j6
model,galaxy a3,a3
model,galaxy xcover 4,xcover 4
model,galaxy s7,s7
model,galaxy j5,j5
model,htc one,htc 1
model,htc u12,htc u12+,u12,htc u12 life,u12 life,u12+
model,iphone xr,xr
model,google pixel 3,pixel 3,pixel 3 xl
model,google pixel 2,pixel 2,pixel 2 xl
model,google pixel,pixel
